ID,Country of Origin,Lot Number,Altitude,Region,Number of Bags,Bag Weight,In-Country Partner,Harvest Year,Grading Date,Variety,Status,Processing Method,Aroma,Flavor,Aftertaste,Acidity,Body,Balance,Uniformity,Clean Cup,Sweetness,Overall,Defects,Total Cup Points,Moisture Percentage,Category One Defects,Quakers,Color,Category Two Defects,Expiration
0,Colombia,CQU2022015,1700-1930,"Piendamo,Cauca",1,35 kg,Japan Coffee Exchange,2021 / 2022,"September 21st, 2022",Castillo,Completed,Double Anaerobic Washed,8.58,8.5,8.42,8.58,8.25,8.42,10,10,10,8.58,0,89.33,11.8,0,0,green,3,"September 21st, 2023"
1,Taiwan,"The 2022 Pacific Rim Coffee Summit,T037",1200,Chiayi,1,80 kg,Taiwan Coffee Laboratory 台灣咖啡研究室,2021 / 2022,"November 15th, 2022",Gesha,Completed,Washed / Wet,8.5,8.5,7.92,8,7.92,8.25,10,10,10,8.5,0,87.58,10.5,0,0,blue-green,0,"November 15th, 2023"
2,Laos,"The 2022 Pacific Rim Coffee Summit,LA01",1300,Laos Borofen Plateau,19,25 kg,Taiwan Coffee Laboratory 台灣咖啡研究室,2021 / 2022,"November 15th, 2022",Java,Completed,Semi Washed,8.33,8.42,8.08,8.17,7.92,8.17,10,10,10,8.33,0,87.42,10.4,0,0,yellowish,2,"November 15th, 2023"
3,Costa Rica,CQU2022017,1900,"Los Santos,Tarrazu",1,22 kg,Japan Coffee Exchange,2022,"September 21st, 2022",Gesha,Completed,Washed / Wet,8.08,8.17,8.17,8.25,8.17,8.08,10,10,10,8.25,0,87.17,11.8,0,0,green,0,"September 21st, 2023"
4,Colombia,CQU2023002,1850-2100,"Popayan,Cauca",2,24 kg,Japan Coffee Exchange,2022,"March 6th, 2023",Red Bourbon,Completed,"Honey,Mossto",8.33,8.33,8.08,8.25,7.92,7.92,10,10,10,8.25,0,87.08,11.6,0,2,yellow-green,2,"March 5th, 2024"
5,Guatemala,"The 2022 Pacific Rim Coffee Summit,GT02",1668,Chimaltenango,5,30 kg,Taiwan Coffee Laboratory 台灣咖啡研究室,2022,"November 15th, 2022",Gesha,Completed,Washed / Wet,8.33,8.33,8.25,7.83,7.83,8.17,10,10,10,8.25,0,87,10.7,0,0,green,2,"November 15th, 2023"
6,Taiwan,"The 2022 Pacific Rim Coffee Summit,T034",1250,Chiayi,1,27 kg,Taiwan Coffee Laboratory 台灣咖啡研究室,2021 / 2022,"November 15th, 2022",Gesha,Completed,Washed / Wet,8.33,8.17,8.08,8,7.83,8.25,10,10,10,8.25,0,86.92,9.1,0,0,green,0,"November 15th, 2023"
7,Taiwan,"The 2022 Pacific Rim Coffee Summit,T050",1200,Chiayi,1,90 kg,Taiwan Coffee Laboratory 台灣咖啡研究室,2021 / 2022,"November 15th, 2022",Sl34+Gesha,Completed,Natural / Dry,8.25,8.25,8.17,8,7.92,8.08,10,10,10,8.08,0,86.75,10,0,0,yellow green,1,"November 15th, 2023"
8,Taiwan,"The 2022 Pacific Rim Coffee Summit,T018",1250,Chiayi,1,30 kg,Taiwan Coffee Laboratory 台灣咖啡研究室,2021 / 2022,"November 15th, 2022",SL34,Completed,Washed / Wet,8.08,8.08,8.25,8.08,7.92,8,10,10,10,8.25,0,86.67,10.8,0,0,greenish,0,"November 15th, 2023"
9,"Tanzania, United Republic Of",CN 4127230034/4189230113,1400-1700,KILIMANJARO,320,60 kg,Kenya Coffee Traders Association,2022 / 2023,"February 1st, 2023",Bourbon,Completed,Washed / Wet,8.08,8.17,8.08,8.17,8,8,10,10,10,8,0,86.5,11,0,0,greenish,0,"February 1st, 2024"
10,Ethiopia,010/0296/600,1800-2200,Guji,10,30 kg,Japan Coffee Exchange,2021 / 2022,"May 31st, 2022",Ethiopian Heirlooms,Completed,Natural / Dry,8.08,8.25,8,8.08,7.92,7.92,10,10,10,8,0,86.25,11.8,0,1,greenish,1,"May 31st, 2023"
11,Guatemala,"The 2022 Pacific Rim Coffee Summit,GT12",2000,Acatenango,5,15 kg,Taiwan Coffee Laboratory 台灣咖啡研究室,2021,"November 15th, 2022",Gesha,Completed,Natural / Dry,8.08,8,8,7.75,8.25,8.17,10,10,10,8,0,86.25,11.5,0,0,brownish,1,"November 15th, 2023"
12,Taiwan,"The 2022 Pacific Rim Coffee Summit,T051",1250,Yunlin,1,60 kg,Taiwan Coffee Laboratory 台灣咖啡研究室,2021 / 2022,"November 15th, 2022",Gesha,Completed,Washed / Wet,8.08,8,8.08,8.08,8,8,10,10,10,8,0,86.25,11.9,0,0,green,0,"November 15th, 2023"
13,Ethiopia,"Grade 1, Guji, Natural, Gelana Geisha",1900-2000,Guji,40,60 kg,METAD Agricultural Development plc,2021 / 2022,"August 26th, 2022",Gesha,Completed,Natural / Dry,7.67,8.17,8,8.33,8,8,10,10,10,8,0,86.17,11.6,0,3,yellow- green,2,"August 26th, 2023"
14,Colombia,"The 2022 Pacific Rim Coffee Summit,CO03",1850,tolima,70,35 kg,Taiwan Coffee Laboratory 台灣咖啡研究室,2021 / 2022,"November 15th, 2022",Caturra,Completed,Washed / Wet,8.08,8,8.08,7.92,8.08,8,10,10,10,8,0,86.17,10.6,0,0,green,0,"November 15th, 2023"
15,Taiwan,"The 2022 Pacific Rim Coffee Summit,T014",1100,Chiayi,1,60 kg,Taiwan Coffee Laboratory 台灣咖啡研究室,2021 / 2022,"November 15th, 2022",SL34,Completed,Pulped natural / honey,8.17,8.08,8,7.92,8,7.92,10,10,10,8,0,86.08,10.2,0,0,green,0,"November 15th, 2023"
16,Ethiopia,CQU2023006,1900-2100,"Gedeb,Yirgacheffe,Sidamo",8,5 kg,Japan Coffee Exchange,2022,"April 7th, 2023","Wolishalo,Kurume,Dega",Completed,Washed / Wet,8.17,8.08,7.92,8.17,7.75,7.92,10,10,10,8.08,0,86.08,11.3,0,2,green,2,"April 6th, 2024"
17,Taiwan,202203,1300,"Shibi, Gukeng Township, Yunlin County 郵遞區號 , Taiwan (R.O.C.)",5,2 kg,Blossom Valley International宸嶧國際,2022,"October 24th, 2022",Gesha,Completed,Natural / Dry,8,8.17,8,7.92,7.92,7.92,10,10,10,8.17,0,86.08,10.3,0,0,yellow-green,0,"October 24th, 2023"
18,Taiwan,202112,1200,"Gukeng Township, Yunlin County",8,1 kg,Blossom Valley International宸嶧國際,2021 / 2022,"October 24th, 2022",Gesha,Completed,Natural / Dry,8.08,8.17,7.75,7.92,7.83,8,10,10,10,8.17,0,85.92,11,0,0,brownish,1,"October 24th, 2023"
19,"Tanzania, United Republic Of",CN 4127230032/P-9140,1570-1600,Arusha,200,30 kg,Kenya Coffee Traders Association,2022 / 2023,"February 1st, 2023",Bourbon,Completed,Washed / Wet,8.17,8,7.92,7.92,8.17,7.75,10,10,10,7.92,0,85.83,10,0,0,greenish,0,"February 1st, 2024"
20,Guatemala,"The 2022 Pacific Rim Coffee Summit,GT03",1900,"Guatemala, Fraijanes, Santa Rosa",8,30 kg,Taiwan Coffee Laboratory 台灣咖啡研究室,2021 / 2022,"November 15th, 2022",Gesha,Completed,Natural / Dry,8,7.92,8.08,7.92,7.75,8,10,10,10,8.08,0,85.75,11.6,0,0,yellowish,0,"November 15th, 2023"
21,Taiwan,2022/03,850,卓溪鄉Zhuoxi Township,1,20 kg,Taiwan Coffee Laboratory 台灣咖啡研究室,2022,"December 12th, 2022",Typica,Completed,Natural / Dry,8.08,8,7.92,7.92,8,7.83,10,10,10,7.92,0,85.67,10.4,0,0,green,0,"December 12th, 2023"
22,Thailand,1,1500-1700,Chiang Mai,2,1 kg,FABB Academy of Coffee,2021 / 2022,"August 16th, 2022",Catimor,Completed,Pulped natural / honey,7.67,8,7.83,8,8.08,8,10,10,10,8.08,0,85.67,9.8,0,0,browish-green,5,"August 16th, 2023"
23,Colombia,CQU2023005,1350,Quindio,6,5 kg,Japan Coffee Exchange,2022,"April 7th, 2023",Castillo Paraguaycito,Completed,,8.08,8,7.83,8.17,7.75,7.83,10,10,10,8,0,85.67,11.3,0,0,brownish,2,"April 6th, 2024"
24,Taiwan,"The 2022 Pacific Rim Coffee Summit, T003",1250,Yunlin,4,50 kg,Taiwan Coffee Laboratory 台灣咖啡研究室,2021 / 2022,"November 15th, 2022",SL34,Completed,Washed / Wet,7.83,8,7.92,8,8,7.92,10,10,10,7.92,0,85.58,10.6,0,0,bluish-green,0,"November 15th, 2023"
25,Brazil,Arara 1,1250,Região Vulcânica,25,60 kg,Brazil Specialty Coffee Association,2022,"January 6th, 2023",,Completed,Pulped natural / honey,7.83,8.08,7.83,7.92,8,7.83,10,10,10,8,0,85.5,11.3,2,0,green,3,"January 6th, 2024"
26,Taiwan,"The 2022 Pacific Rim Coffee Summit,T024",1300,Chiayi,1,100 kg,Taiwan Coffee Laboratory 台灣咖啡研究室,2021 / 2022,"November 15th, 2022",Gesha,Completed,Natural / Dry,7.92,7.92,8,7.92,7.83,7.92,10,10,10,8,0,85.5,9.1,0,0,green,2,"November 15th, 2023"
27,Taiwan,"The 2022 Pacific Rim Coffee Summit,T048",1200,Yunlin,1,90 kg,Taiwan Coffee Laboratory 台灣咖啡研究室,2021 / 2022,"November 15th, 2022",Gesha,Completed,Natural / Dry,8.17,8.08,7.92,8,7.58,7.83,10,10,10,7.92,0,85.5,10.6,0,0,green,0,"November 15th, 2023"
28,Taiwan,"The 2022 Pacific Rim Coffee Summit,T045",1060,Chiayi,1,85 kg,Taiwan Coffee Laboratory 台灣咖啡研究室,2021 / 2022,"November 15th, 2022",Gesha,Completed,Natural / Dry,8,8,8,7.92,7.75,7.92,10,10,10,7.92,0,85.5,10.2,0,0,blue-green,0,"November 15th, 2023"
29,United States (Hawaii),"The 2022 Pacific Rim Coffee Summit,US01",600,Kona,80,15 kg,Taiwan Coffee Laboratory 台灣咖啡研究室,2021 / 2022,"November 15th, 2022",Typica,Completed,Washed / Wet,8,7.92,8,7.83,7.67,8,10,10,10,8,0,85.42,9.3,0,0,green,0,"November 15th, 2023"
30,Taiwan,2022/3/1(老叢),150-250,壽豐鄉Shoufeng Township,3,48 kg,Taiwan Coffee Laboratory 台灣咖啡研究室,2022,"December 12th, 2022",Typica,Completed,Washed / Wet,8,8,7.83,7.83,7.75,7.92,10,10,10,8.08,0,85.42,11.4,0,0,bluish-green,0,"December 12th, 2023"
31,Taiwan,2022/02,150-250,壽豐鄉Shoufeng Township,3,50 kg,Taiwan Coffee Laboratory 台灣咖啡研究室,2022,"December 12th, 2022",Typica,Completed,Washed / Wet,7.92,8,7.83,7.92,7.83,7.83,10,10,10,8,0,85.33,10.8,0,0,green,0,"December 12th, 2023"
32,Taiwan,2022臺南市精品咖啡評鑑批次,668,"Dongshan Dist., Tainan City",4,5 kg,Taiwan Coffee Laboratory 台灣咖啡研究室,2022,"June 8th, 2022",Gesha,Completed,Washed / Wet,8.08,8.17,7.67,7.83,7.67,7.92,10,10,10,8,0,85.33,11.3,0,0,green,0,"June 8th, 2023"
33,Ethiopia,Washed Limmu,1950,Oromia,320,60 kg,METAD Agricultural Development plc,2021 / 2022,"June 6th, 2022",Ethiopian Heirlooms,Completed,Washed / Wet,7.67,7.83,7.83,8,8,8,10,10,10,8,0,85.33,9.9,0,2,green,3,"June 6th, 2023"
34,Ethiopia,65,2150 - 2350,Southern Ethiopia Guji,320,60 kg,METAD Agricultural Development plc,2021 / 2022,"September 30th, 2022",Ethiopian Heirlooms,Completed,Natural / Dry,8,8.08,8,8,7.67,7.75,10,10,10,7.83,0,85.33,12.3,0,3,yellow green,4,"September 30th, 2023"
35,Ethiopia,1,1700,OROMIA,320,19200 kg,METAD Agricultural Development plc,2021 / 2022,"December 12th, 2022",Ethiopian Heirlooms,Completed,Washed / Wet,7.92,7.75,7.83,8.17,8,7.75,10,10,10,7.83,0,85.25,9.4,0,1,greenish,1,"December 12th, 2023"
36,Taiwan,"The 2022 Pacific Rim Coffee Summit, T004",1200,Chiayi,1,100 kg,Taiwan Coffee Laboratory 台灣咖啡研究室,2021 / 2022,"November 15th, 2022",Gesha,Completed,Washed / Wet,8,7.92,7.83,7.92,7.83,7.83,10,10,10,7.92,0,85.25,9.5,0,0,bluish-green,0,"November 15th, 2023"
37,Taiwan,2022臺南市精品咖啡評鑑批次,650,"Dongshan Dist., Tainan City",20,5 kg,Taiwan Coffee Laboratory 台灣咖啡研究室,2022,"June 8th, 2022",Gesha,Completed,Pulped natural / honey,8.25,8.08,7.83,7.75,7.67,7.75,10,10,10,7.92,0,85.25,11.3,0,0,green,0,"June 8th, 2023"
38,Kenya,5516,1600-1900,Central,300,60 kg,Kenya Coffee Traders Association,2022 / 2023,"February 28th, 2023",SL28,Completed,Washed / Wet,8.17,7.75,7.83,7.58,7.92,8,10,10,10,8,0,85.25,9.2,0,0,greenish,1,"February 28th, 2024"
39,Taiwan,202203,850,"Caoling , Gukeng Township, Yunlin County",20,1 kg,Blossom Valley International宸嶧國際,2017 / 2018,"October 24th, 2022",Gesha,Completed,Washed / Wet,7.75,7.92,7.75,8,7.83,7.92,10,10,10,8,0,85.17,10.3,0,0,bluish-green,0,"October 24th, 2023"
40,Taiwan,2022/01,300-500,秀林鄉Show Linxia Township,1,10 kg,Taiwan Coffee Laboratory 台灣咖啡研究室,2022,"December 12th, 2022",Typica,Completed,Natural / Dry,8,7.92,7.83,7.92,7.75,7.75,10,10,10,7.92,0,85.08,10,0,0,brownish,0,"December 12th, 2023"
41,Taiwan,屏東縣三地門鄉德文段,1000,台灣屏東,1,2 kg,Taiwan Coffee Laboratory 台灣咖啡研究室,2021 / 2022,"December 30th, 2022",Typica,Completed,Washed / Wet,8,8.08,7.67,7.75,7.92,7.83,10,10,10,7.83,0,85.08,10.5,0,0,greenish,0,"December 30th, 2023"
42,Taiwan,A26-Northern Taiwan Specialty Coffee Evaluation,800,苗栗縣,1,50 kg,Taiwan Coffee Laboratory 台灣咖啡研究室,2021 / 2022,"January 6th, 2023",Gesha,Completed,Washed / Wet,8,7.92,7.67,8,7.75,7.83,10,10,10,7.92,0,85.08,10,0,0,pale yellow,5,"January 6th, 2024"
43,Uganda,7938,1905,Rwenzori,320,60 kg,Uganda Coffee Development Authority,2021 / 2022,"June 29th, 2022",SL14,Completed,Washed / Wet,8,7.92,7.75,7.75,7.75,7.92,10,10,10,7.92,0,85,11,0,0,green,1,"June 29th, 2023"
44,Taiwan,2021/01,150,壽豐鄉Shoufeng Township,1,50 kg,Taiwan Coffee Laboratory 台灣咖啡研究室,2021 / 2022,"December 12th, 2022",Typica,Completed,,7.92,8,7.92,8,7.58,7.75,10,10,10,7.83,0,85,10.9,0,0,green,0,"December 12th, 2023"
45,Taiwan,"The 2022 Pacific Rim Coffee Summit,T011",800,Yunlin,6,50 kg,Taiwan Coffee Laboratory 台灣咖啡研究室,2021 / 2022,"November 15th, 2022",Gesha,Completed,Natural / Dry,8.17,8.08,7.83,7.67,7.67,7.75,10,10,10,7.83,0,85,10.1,0,0,yellow green,0,"November 15th, 2023"
46,Guatemala,11/15/118,1600,Antigua,600,30 kg,Asociacion Nacional Del Café,2022 / 2023,"April 17th, 2023",Caturra,Completed,Washed / Wet,7.67,8.08,7.67,8,7.92,7.83,10,10,10,7.83,0,85,9.9,0,1,green,1,"April 16th, 2024"
47,Guatemala,11/951/279,4700,Santa Rosa,632,30 kg,Asociacion Nacional Del Café,2022 / 2023,"February 23rd, 2023",Catuai,Completed,Washed / Wet,7.67,8,7.75,7.92,8,7.83,10,10,10,7.83,0,85,11.3,0,0,green,4,"February 23rd, 2024"
48,Guatemala,11/441/50,1600,quiche,275,69 kg,Asociacion Nacional Del Café,2021 / 2022,"June 22nd, 2022",Caturra,Completed,Washed / Wet,7.83,7.92,7.75,8,7.75,7.75,10,10,10,7.92,0,84.92,11.7,0,3,green,1,"June 22nd, 2023"
49,Taiwan,A03-Northern Taiwan Specialty Coffee Evaluation,350-400,新竹縣,1,13 kg,Taiwan Coffee Laboratory 台灣咖啡研究室,2021 / 2022,"January 6th, 2023",Typica,Completed,Washed / Wet,7.92,7.92,7.83,7.83,7.75,7.83,10,10,10,7.83,0,84.92,9.5,0,0,green,2,"January 6th, 2024"
50,Taiwan,A23-Northern Taiwan Specialty Coffee Evaluation,230,新竹縣,1,4 kg,Taiwan Coffee Laboratory 台灣咖啡研究室,2021 / 2022,"January 6th, 2023",Yellow Bourbon,Completed,Natural / Dry,8,8,7.75,7.75,7.67,7.75,10,10,10,7.92,0,84.83,9.7,0,0,brownish,0,"January 6th, 2024"
51,Indonesia,016/1513/262,1200,Aceh Tengah,320,60 kg,NKG Quality Service (a division of Bernhard Rothfos Intercafé AG),2022,"September 23rd, 2022",Catimor,Completed,,7.83,7.92,7.75,7.83,7.83,7.83,10,10,10,7.83,0,84.83,11.9,0,3,bluish-green,2,"September 23rd, 2023"
52,Peru,"The 2022 Pacific Rim Coffee Summit,PE02",1750,Villa Rica,3,5 kg,Taiwan Coffee Laboratory 台灣咖啡研究室,2022,"November 15th, 2022",Gesha,Completed,Washed / Wet,8,8,7.83,7.83,7.58,7.83,10,10,10,7.75,0,84.83,10.7,0,0,greenish,0,"November 15th, 2023"
53,"Tanzania, United Republic Of",S59588/P03989,1654,Mbeya,620,30 kg,Kenya Coffee Traders Association,2022 / 2023,"November 9th, 2022",Bourbon,Completed,Washed / Wet,7.92,7.75,7.75,7.92,7.83,7.83,10,10,10,7.83,0,84.83,11.2,0,0,greenish,0,"November 9th, 2023"
54,Taiwan,"The 2022 Pacific Rim Coffee Summit,T029",1300,Chiayi,1,25 kg,Taiwan Coffee Laboratory 台灣咖啡研究室,2021 / 2022,"November 15th, 2022",SL34,Completed,Natural / Dry,7.83,7.83,7.67,7.67,7.83,8,10,10,10,8,0,84.83,9.5,0,0,greenish,0,"November 15th, 2023"
55,Taiwan,"The 2022 Pacific Rim Coffee Summit,T039",1400,Nantou,1,30 kg,Taiwan Coffee Laboratory 台灣咖啡研究室,2021 / 2022,"November 15th, 2022",SL34,Completed,Washed / Wet,7.67,7.92,7.92,7.83,7.75,7.83,10,10,10,7.83,0,84.75,10.4,0,0,green,0,"November 15th, 2023"
56,Brazil,FBT111,1100,Campo das Vertentes,5,36 kg,Japan Coffee Exchange,2022,"February 13th, 2023",Yellow Bourbon,Completed,Double Carbonic Maceration / Natural,7.83,7.92,7.75,7.92,7.67,7.83,10,10,10,7.83,0,84.75,11.2,0,1,green,5,"February 13th, 2024"
57,Panama,2-237-05,1200,Boquete,200,30 kg,Specialty Coffee Association of Costa Rica,2022 / 2023,"April 26th, 2023",Catuai,Completed,Washed / Wet,7.83,7.83,7.75,7.92,7.83,7.75,10,10,10,7.83,0,84.75,10.3,0,1,bluish-green,5,"April 25th, 2024"
58,Taiwan,屏東縣瑪家鄉,1200,台灣屏東,1,2 kg,Taiwan Coffee Laboratory 台灣咖啡研究室,2021 / 2022,"December 30th, 2022",Yellow Bourbon,Completed,Pulped natural / honey,7.92,8.08,7.67,7.92,7.67,7.75,10,10,10,7.75,0,84.75,10,0,0,blue-green,0,"December 30th, 2023"
59,Guatemala,11/15/117,1600,Huehuetenango,600,30 kg,Asociacion Nacional Del Café,2022 / 2023,"April 28th, 2023",Caturra,Completed,Washed / Wet,7.67,8,7.67,7.83,7.92,7.67,10,10,10,7.92,0,84.67,10.6,0,0,green,1,"April 27th, 2024"
60,Guatemala,11/54876/03,4895,ANTIGUA GUATEMALA,66,30 kg,Asociacion Nacional Del Café,2021 / 2022,"May 19th, 2022",Bourbon,Completed,Natural / Dry,7.83,8,7.67,7.83,7.75,7.75,10,10,10,7.83,0,84.67,10.9,0,3,yellow-green,2,"May 19th, 2023"
61,Costa Rica,12075,1850,Tarrazu,260,69 kg,Specialty Coffee Association of Costa Rica,2022 / 2023,"April 19th, 2023",Caturra,Completed,Washed / Wet,7.58,7.83,7.5,7.67,7.83,7.67,10,10,10,8.58,0,84.67,10,0,1,green,2,"April 18th, 2024"
62,Taiwan,A11-Northern Taiwan Specialty Coffee Evaluation,200-300,新竹縣,1,16 kg,Taiwan Coffee Laboratory 台灣咖啡研究室,2021 / 2022,"January 6th, 2023",Typica,Completed,Pulped natural / honey,7.83,7.83,7.75,7.75,7.75,7.75,10,10,10,7.92,0,84.58,9.6,0,0,greenish,0,"January 6th, 2024"
63,Taiwan,2022臺南市精品咖啡評鑑批次,700,"( Dongshan Dist., Tainan City)",16,5 kg,Taiwan Coffee Laboratory 台灣咖啡研究室,2022,"June 8th, 2022",Gesha,Completed,Pulped natural / honey,8.17,7.83,7.67,7.83,7.67,7.67,10,10,10,7.75,0,84.58,11.5,0,0,green,0,"June 8th, 2023"
64,Nicaragua,10 1.1,1350,ESTELI,74,45 kg,Specialty Coffee Association,2021 / 2022,"June 9th, 2022",Catrenic,Completed,Natural / Dry,7.92,7.75,7.67,7.67,7.83,7.75,10,10,10,8,0,84.58,9.9,1,0,green,2,"June 9th, 2023"
65,Taiwan,"The 2022 Pacific Rim Coffee Summit,T036",1250,Chiayi,1,80 kg,Taiwan Coffee Laboratory 台灣咖啡研究室,2021 / 2022,"November 15th, 2022",Gesha,Completed,Washed / Wet,8.08,7.83,7.67,7.67,7.67,7.75,10,10,10,7.92,0,84.58,11.2,0,0,green,2,"November 15th, 2023"
66,Taiwan,"The 2022 Pacific Rim Coffee Summit,T042",1450,Chiayi,1,104 kg,Taiwan Coffee Laboratory 台灣咖啡研究室,2021 / 2022,"November 15th, 2022",SL34,Completed,Natural / Dry,7.83,8,7.67,7.75,7.67,7.75,10,10,10,7.92,0,84.58,10.3,0,0,green,0,"November 15th, 2023"
67,Vietnam,"The 2022 Pacific Rim Coffee Summit,VN02",650,Quang Tri,3,5 kg,Taiwan Coffee Laboratory 台灣咖啡研究室,2021 / 2022,"November 15th, 2022",Catimor,Completed,Natural / Dry,8,7.83,7.75,7.67,7.58,7.83,10,10,10,7.92,0,84.58,11.6,0,0,brownish,0,"November 15th, 2023"
68,Costa Rica,CQU2022018,1900,"Los Santos,Tarrazu",1,22 kg,Japan Coffee Exchange,2022,"October 4th, 2022",Gesha,Completed,Washed / Wet,7.75,7.83,7.67,7.83,7.75,7.75,10,10,10,7.92,0,84.5,11.7,0,1,green,0,"October 4th, 2023"
69,Taiwan,A37-Northern Taiwan Specialty Coffee Evaluation,520,苗栗縣,1,300 kg,Taiwan Coffee Laboratory 台灣咖啡研究室,2021 / 2022,"January 6th, 2023",unknown,Completed,Pulped natural / honey,7.75,7.92,7.83,7.75,7.75,7.75,10,10,10,7.75,0,84.5,11.3,0,0,bluish-green,0,"January 6th, 2024"
70,Honduras,36,1368,"Centro, Lagunetillas-Ajuterique, Comayagua",340,69 kg,Instituto Hondureño del Café,2022 / 2023,"April 25th, 2023",Catuai,Completed,Washed / Wet,7.83,7.92,7.75,7.75,7.75,7.75,10,10,10,7.75,0,84.5,9.8,0,0,green,3,"April 24th, 2024"
71,Ethiopia,712,1943,Ethiopia,584,30 kg,Blossom Valley International宸嶧國際,2021 / 2022,"August 23rd, 2022",Ethiopian Heirlooms,Completed,Washed / Wet,7.92,7.83,7.75,7.92,7.58,7.67,10,10,10,7.83,0,84.5,10.9,0,0,green,9,"August 23rd, 2023"
72,Taiwan,2021/11,400,玉里鎮Yuli Township,1,20 kg,Taiwan Coffee Laboratory 台灣咖啡研究室,2021 / 2022,"December 12th, 2022",Typica,Completed,Natural / Dry,8.08,7.92,7.75,7.83,7.5,7.58,10,10,10,7.83,0,84.5,10.2,0,0,green,0,"December 12th, 2023"
73,Taiwan,"The 2022 Pacific Rim Coffee Summit,T031",850,Yunlin,1,100 kg,Taiwan Coffee Laboratory 台灣咖啡研究室,2021 / 2022,"November 15th, 2022",Gesha,Completed,Washed / Wet,7.83,8,7.5,7.75,7.75,7.75,10,10,10,7.83,0,84.42,10.1,0,0,bluish-green,1,"November 15th, 2023"
74,Guatemala,11-63-657,1300-1400,Huehuetenango,600,30 kg,Asociacion Nacional Del Café,2022 / 2023,"April 26th, 2023",Bourbon,Completed,Washed / Wet,7.67,7.83,7.75,7.75,7.83,7.75,10,10,10,7.75,0,84.33,9.2,0,1,green,5,"April 25th, 2024"
75,United States (Hawaii),Islander’s Coffee for Pacific Rim Summit,1300,Ka'u district of Big Island,10,10 kg,Taiwan Coffee Laboratory 台灣咖啡研究室,2022,"November 9th, 2022",Catuai,Completed,Washed / Wet,7.92,7.83,7.75,7.92,7.5,7.67,10,10,10,7.75,0,84.33,10.1,3,0,yellow-green,7,"November 9th, 2023"
76,Ethiopia,65,2361,Addis Ababa,320,60 kg,METAD Agricultural Development plc,2021 / 2022,"September 19th, 2022",Ethiopian Heirlooms,Completed,Natural / Dry,7.83,7.75,7.58,7.92,8,7.5,10,10,10,7.75,0,84.33,11,0,5,yellow green,4,"September 19th, 2023"
77,El Salvador,"The 2022 Pacific Rim Coffee Summit,SV01",1500,Chalatenango,20,30 kg,Taiwan Coffee Laboratory 台灣咖啡研究室,2021,"November 15th, 2022",Pacamara,Completed,Pulped natural / honey,7.83,7.83,7.83,7.83,7.67,7.67,10,10,10,7.67,0,84.33,10.3,0,0,brownish,4,"November 15th, 2023"
78,Colombia,NPCO-17418,2100,Sierra Nevada de Santa Marta,275,70 kg,ASOCIACIÓN COLOMBIANA PARA LA EXCELENCIA DEL CAFE,2021 / 2022,"May 11th, 2022",Castillo and Colombia blend,Completed,Washed / Wet,7.75,7.75,7.75,7.75,7.83,7.67,10,10,10,7.83,0,84.33,11.6,0,0,green,1,"May 11th, 2023"
79,Indonesia,CQU2022018,1250-1350,"Lintong Nihuta/Dolok Sanggul,Sumatera Utara",1,60 kg,Japan Coffee Exchange,2022,"September 21st, 2022","Jember,TIM-TIM,Ateng",Completed,Wet Hulling,7.67,7.67,7.83,7.83,7.67,7.75,10,10,10,7.83,0,84.25,11.5,0,1,blue-green,1,"September 21st, 2023"
80,Guatemala,11/15/96,1600,Atitlán,55,30 kg,Asociacion Nacional Del Café,2022 / 2023,"April 17th, 2023",Typica,Completed,Washed / Wet,7.58,7.92,7.67,7.75,7.83,7.75,10,10,10,7.75,0,84.25,10,0,0,green,1,"April 16th, 2024"
81,Madagascar,1,1500,Itasy,5,60 kg,NKG Quality Service (a division of Bernhard Rothfos Intercafé AG),2022,"December 12th, 2022",Bourbon,Completed,Washed / Wet,7.92,7.92,7.58,7.75,7.58,7.67,10,10,10,7.83,0,84.25,12.1,0,0,blue-green,0,"December 12th, 2023"
82,Honduras,8,1368,"Centro, Lagunetillas-Ajuterique, Comayagua",345,30 kg,Instituto Hondureño del Café,2022 / 2023,"April 25th, 2023",Catuai,Completed,Washed / Wet,7.75,7.75,7.58,7.83,7.75,7.75,10,10,10,7.75,0,84.17,10.2,0,0,green,2,"April 24th, 2024"
83,Guatemala,11/441/49,1600,quiche,275,69 kg,Asociacion Nacional Del Café,2021 / 2022,"May 19th, 2022",Caturra,Completed,Washed / Wet,7.58,7.92,7.58,7.83,7.75,7.67,10,10,10,7.75,0,84.08,11,0,3,green,2,"May 19th, 2023"
84,Taiwan,A32-Northern Taiwan Specialty Coffee Evaluation,150,新北市,1,110 kg,Taiwan Coffee Laboratory 台灣咖啡研究室,2021 / 2022,"January 6th, 2023",unknown,Completed,Pulped natural / honey,7.83,7.92,7.83,7.58,7.58,7.67,10,10,10,7.67,0,84.08,10.8,0,0,greenish,2,"January 6th, 2024"
85,Taiwan,"The 2022 Pacific Rim Coffee Summit,T017",800,Yunlin,1,80 kg,Taiwan Coffee Laboratory 台灣咖啡研究室,2021 / 2022,"November 15th, 2022",Gesha,Completed,Natural / Dry,7.92,7.75,7.67,7.75,7.75,8,9.33,10,10,7.92,0,84.08,10.6,0,0,yello-green,0,"November 15th, 2023"
86,Guatemala,11/15/51,1500-1600,Oriente Santa rosa,430,30 kg,Asociacion Nacional Del Café,2022 / 2023,"March 22nd, 2023",Caturra,Completed,Washed / Wet,7.67,7.83,7.67,7.83,7.75,7.67,10,10,10,7.67,0,84.08,11,0,1,green,2,"March 21st, 2024"
87,Guatemala,11/15/59,1500-1600,Sierra de las minas,200,30 kg,Asociacion Nacional Del Café,2022 / 2023,"March 22nd, 2023",Caturra,Completed,Washed / Wet,7.67,7.92,7.67,7.75,7.67,7.58,10,10,10,7.75,0,84,11,0,2,green,2,"March 21st, 2024"
88,Honduras,"The 2022 Pacific Rim Coffee Summit,HN04",1800,"San Andrés, Lempira",16,30 kg,Taiwan Coffee Laboratory 台灣咖啡研究室,2021 / 2022,"November 15th, 2022",Typica,Completed,Pulped natural / honey,7.75,7.75,7.75,7.67,7.75,7.67,10,10,10,7.67,0,84,9.4,0,0,green,0,"November 15th, 2023"
89,"Tanzania, United Republic Of",CN 4127230031/P-9139,1600-1750,ARUSHA,200,60 kg,Kenya Coffee Traders Association,2022 / 2023,"January 3rd, 2023",Bourbon,Completed,Washed / Wet,7.58,7.67,7.75,7.75,7.75,7.75,10,10,10,7.75,0,84,9.8,0,0,greenish,3,"January 3rd, 2024"
90,Ethiopia,1077,1800,Sidama,300,60 kg,Centro Agroecológico del Café A.C.,2021 / 2022,"November 18th, 2022",Ethiopian Heirlooms,Completed,Washed / Wet,8,7.75,7.5,7.67,7.67,7.67,10,10,10,7.75,0,84,11.3,1,1,green,1,"November 18th, 2023"
91,"Tanzania, United Republic Of",CN 4127220159/4189220459,1400-1700,KILIMANJARO,320,60 kg,Kenya Coffee Traders Association,2022 / 2023,"November 21st, 2022",Bourbon,Completed,Washed / Wet,7.75,7.58,7.58,7.92,7.67,7.75,10,10,10,7.75,0,84,11.6,0,0,greenish,2,"November 21st, 2023"
92,Colombia,3-002-00883,1400-1700,Huila,275,70 kg,NKG Quality Service (a division of Bernhard Rothfos Intercafé AG),2022,"July 27th, 2022",Caturra,Completed,Washed / Wet,7.67,7.83,7.58,7.92,7.67,7.67,10,10,10,7.67,0,84,13.3,0,2,green,3,"July 27th, 2023"
93,Costa Rica,12077-01,1850,Tarrazu,250,35 kg,Specialty Coffee Association of Costa Rica,2022 / 2023,"April 19th, 2023",Caturra,Completed,Washed / Wet,7.67,7.92,7.58,7.75,7.67,7.58,10,10,10,7.75,0,83.92,9.5,0,0,green,2,"April 18th, 2024"
94,Guatemala,"The 2022 Pacific Rim Coffee Summit,GT01",1900,New Oriente,1,15 kg,Taiwan Coffee Laboratory 台灣咖啡研究室,2021,"November 15th, 2022",Gesha,Completed,Natural / Dry,7.83,7.83,7.58,7.67,7.67,7.58,10,10,10,7.75,0,83.92,11.9,0,0,greenish,0,"November 15th, 2023"
95,Guatemala,11/15/95,1600,Atitlán,35,30 kg,Asociacion Nacional Del Café,2022 / 2023,"April 17th, 2023",Bourbon,Completed,Washed / Wet,7.58,7.83,7.58,7.75,7.67,7.75,10,10,10,7.75,0,83.92,10,0,1,green,2,"April 16th, 2024"
96,Thailand,CQU2022016,1300-1400,Nan,1,30 kg,Japan Coffee Exchange,2022,"September 21st, 2022",Catimor,Completed,Natural / Dry,7.75,7.67,7.58,7.75,7.75,7.67,10,10,10,7.75,0,83.92,11.6,0,0,yellowish,3,"September 21st, 2023"
97,Colombia,3/37/1370,1411,Pereira,375,70 kg,Japan Coffee Exchange,2022 / 2023,"April 17th, 2023",,Completed,Washed / Wet,7.67,7.75,7.67,7.75,7.67,7.67,10,10,10,7.67,0,83.83,11.9,0,1,green,1,"April 16th, 2024"
98,Guatemala,11/63/908,1400,HUEHUETENANGO,600,30 kg,Asociacion Nacional Del Café,2021 / 2022,"May 13th, 2022","BOURBON, CATURRA Y CATIMOR",Completed,Natural / Dry,7.58,7.83,7.67,7.67,7.67,7.67,10,10,10,7.75,0,83.83,10.8,0,0,green,4,"May 13th, 2023"
99,Guatemala,AMNI-22-0905,4895 A 5650,ANTIGUA GUATEMALA,635,30 kg,Asociacion Nacional Del Café,2021 / 2022,"May 19th, 2022",Bourbon,Completed,Washed / Wet,7.58,7.92,7.5,7.67,7.75,7.67,10,10,10,7.75,0,83.83,10.9,0,1,greenish,4,"May 19th, 2023"
100,Ethiopia,1,2000,Sidama,100,60 kg,Kenya Coffee Traders Association,2021 / 2022,"September 9th, 2022",Ethiopian Heirlooms,Completed,Washed / Wet,7.83,7.67,7.5,7.92,7.5,7.67,10,10,10,7.75,0,83.83,12,0,0,green,12,"September 9th, 2023"
101,Colombia,3-0068-00886,1700,Cauca,285,70 kg,ASOCIACIÓN COLOMBIANA PARA LA EXCELENCIA DEL CAFE,2022 / 2023,"February 22nd, 2023",Caturra,Completed,Washed / Wet,7.92,7.75,7.42,7.58,7.92,7.67,10,10,10,7.58,0,83.83,12.1,2,5,green,5,"February 22nd, 2024"
102,United States (Hawaii),"The 2022 Pacific Rim Coffee Summit,US02",400-600,Ka'u,4,15 kg,Taiwan Coffee Laboratory 台灣咖啡研究室,2022,"November 15th, 2022",Typica,Completed,Washed / Wet,7.67,7.92,7.58,7.58,7.58,7.75,10,10,10,7.75,0,83.83,11.8,0,3,green,3,"November 15th, 2023"
103,Colombia,"The 2022 Pacific Rim Coffee Summit,CO02",1800,Tolima,40,35 kg,Taiwan Coffee Laboratory 台灣咖啡研究室,2022,"November 15th, 2022",Bourbon Sidra,Completed,Pulped natural / honey,7.67,7.92,7.67,7.58,7.67,7.67,10,10,10,7.58,0,83.75,10.6,0,0,greenish,1,"November 15th, 2023"
104,Mexico,312,1200,Chiapas,600,30 kg,Centro Agroecológico del Café A.C.,2022 / 2023,"April 5th, 2023",Sarchimor,Completed,Washed / Wet,7.67,7.67,7.58,7.67,7.83,7.58,10,10,10,7.75,0,83.75,11.7,4,0,green,12,"April 4th, 2024"
105,Colombia,,,,1,1 kg,Barista and Coffee Academy of Asia,2022,"September 26th, 2022",,Completed,,7.83,7.75,7.5,7.58,7.67,7.67,10,10,10,7.67,0,83.67,12.4,1,0,greenish,9,"September 26th, 2023"
106,Taiwan,202203,1250,"Caoling , Gukeng Township, Yunlin County",50,2 kg,Blossom Valley International宸嶧國際,2022,"October 24th, 2022",SL34,Completed,Washed / Wet,7.67,7.67,7.75,7.75,7.5,7.67,10,10,10,7.67,0,83.67,10,0,0,bluish-green,0,"October 24th, 2023"
107,Myanmar,"The 2022 Pacific Rim Coffee Summit,MM01",1400,South Shan State,100,30 kg,Taiwan Coffee Laboratory 台灣咖啡研究室,2022,"November 15th, 2022","Catimor,Catuai,Caturra,Bourbon",Completed,Natural / Dry,7.83,7.83,7.67,7.58,7.58,7.58,10,10,10,7.58,0,83.67,10.2,0,1,pale yellow,1,"November 15th, 2023"
108,Taiwan,A05-Northern Taiwan Specialty Coffee Evaluation,200-400,新竹縣,1,13 kg,Taiwan Coffee Laboratory 台灣咖啡研究室,2021 / 2022,"January 6th, 2023",unknown,Completed,Pulped natural / honey,7.58,7.75,7.67,7.83,7.5,7.67,10,10,10,7.67,0,83.67,9.2,0,0,greenish,0,"January 6th, 2024"
109,Honduras,"The 2022 Pacific Rim Coffee Summit,HN01",1470,"San Jose, La Paz",9,15 kg,Taiwan Coffee Laboratory 台灣咖啡研究室,2021,"November 15th, 2022",Parainema,Completed,Natural / Dry,7.67,7.67,7.58,7.75,7.67,7.67,10,10,10,7.67,0,83.67,11.1,0,2,pale yellow,1,"November 15th, 2023"
110,Taiwan,A30-Northern Taiwan Specialty Coffee Evaluation,250-400,新竹縣,1,10 kg,Taiwan Coffee Laboratory 台灣咖啡研究室,2021 / 2022,"January 6th, 2023",unknown,Completed,Natural / Dry,7.58,7.67,7.5,7.75,7.75,7.67,10,10,10,7.67,0,83.58,8.4,0,0,green,0,"January 6th, 2024"
111,Taiwan,A14-Northern Taiwan Specialty Coffee Evaluation,250-300,新竹縣,1,10 kg,Taiwan Coffee Laboratory 台灣咖啡研究室,2021 / 2022,"January 6th, 2023",Typica,Completed,Pulped natural / honey,7.58,7.75,7.58,7.75,7.58,7.67,10,10,10,7.67,0,83.58,9.1,0,0,green,0,"January 6th, 2024"
112,Guatemala,P-4142,1600,QUICHE,275,69 kg,Asociacion Nacional Del Café,2021 / 2022,"May 19th, 2022",Caturra,Completed,Washed / Wet,7.58,7.83,7.58,7.67,7.58,7.58,10,10,10,7.75,0,83.58,10.9,0,2,green,4,"May 19th, 2023"
113,Honduras,AMNI-22-6011-1,1400,Marcala,260,69 kg,Instituto Hondureño del Café,2021 / 2022,"August 17th, 2022",SHG,Completed,Washed / Wet,7.75,7.67,7.58,7.58,7.58,7.67,10,10,10,7.67,0,83.5,11.2,0,1,green,5,"August 17th, 2023"
114,Colombia,3-0104-00202 Popayán Supremo,1700,Popayán Cauca,600,30 kg,ASOCIACIÓN COLOMBIANA PARA LA EXCELENCIA DEL CAFE,2022,"January 18th, 2023",Caturra,Completed,Washed / Wet,7.75,7.75,7.5,7.58,7.83,7.5,10,10,10,7.58,0,83.5,12.2,0,0,bluish-green,2,"January 18th, 2024"
115,Thailand,BOURBON 21/22 (Coffea Arabica),1200 - 1580,North of Thailand,2,1 kg,FABB Academy of Coffee,2022,"July 14th, 2022",Bourbon,Completed,Washed / Wet,7.42,7.83,7.58,7.67,7.67,7.75,10,10,10,7.58,0,83.5,13.1,0,0,green,0,"July 14th, 2023"
116,Ethiopia,1,1700,OROMIA,320,19200 kg,METAD Agricultural Development plc,2021 / 2022,"November 30th, 2022",Ethiopian Heirlooms,Completed,Washed / Wet,7.42,7.42,7.42,8,7.92,7.67,10,10,10,7.67,0,83.5,10.4,0,1,greenish,11,"November 30th, 2023"
117,Thailand,CQU2022011,1450,Suan Ya Lung,5,2 kg,Japan Coffee Exchange,2022,"June 16th, 2022",Java,Completed,Washed / Wet,7.67,7.67,7.5,7.67,7.58,7.67,10,10,10,7.67,0,83.42,11.6,0,2,green,0,"June 16th, 2023"
118,Uganda,035/170/5021210,1400 - 1900,Mt Elgon,150,60 kg,Uganda Coffee Development Authority,2021 / 2022,"July 7th, 2022",SL14,Completed,Washed / Wet,7.75,7.75,7.5,7.5,7.58,7.58,10,10,10,7.75,0,83.42,10.1,0,0,green,3,"July 7th, 2023"
119,Taiwan,"The 2022 Pacific Rim Coffee Summit,T022",1100,Chiayi,1,40 kg,Taiwan Coffee Laboratory 台灣咖啡研究室,2021 / 2022,"November 15th, 2022",Typica + SL34,Completed,Washed / Wet,7.75,7.92,7.67,7.92,7.75,7.83,8.67,10,10,7.92,0,83.42,10.1,0,0,blue-green,0,"November 15th, 2023"
120,Uganda,7969,1905,Rwenzori,320,60 kg,Uganda Coffee Development Authority,2021 / 2022,"September 1st, 2022",SL14,Completed,Washed / Wet,7.75,7.67,7.58,7.5,7.67,7.5,10,10,10,7.67,0,83.33,11.1,0,0,green,5,"September 1st, 2023"
121,Taiwan,A04-Northern Taiwan Specialty Coffee Evaluation,200-300,新竹縣,1,8 kg,Taiwan Coffee Laboratory 台灣咖啡研究室,2021 / 2022,"January 6th, 2023",Typica,Completed,Pulped natural / honey,7.58,7.67,7.5,7.75,7.5,7.58,10,10,10,7.75,0,83.33,9.7,0,0,greenish,0,"January 6th, 2024"
122,Guatemala,1,1280-1325,NEW ORIENTE & HUEHUETENANGO,320,60 kg,Taiwan Coffee Laboratory 台灣咖啡研究室,2021,"December 30th, 2022","MARSELLESA, CATUAI, CATURRA & MARSELLESA, ANACAFE 14, CATUAI",Completed,Washed / Wet,7.5,7.75,7.58,7.75,7.67,7.58,10,10,10,7.5,0,83.33,11.4,0,0,green,0,"December 30th, 2023"
123,Taiwan,A21-Northern Taiwan Specialty Coffee Evaluation,300,桃園市,1,80 kg,Taiwan Coffee Laboratory 台灣咖啡研究室,2021 / 2022,"January 6th, 2023",Typica,Completed,Washed / Wet,7.58,7.67,7.58,7.75,7.42,7.58,10,10,10,7.75,0,83.33,9.6,0,0,green,1,"January 6th, 2024"
124,Colombia,1,1100,Sierra Nevada de Santa Marta,2,1 kg,FABB Academy of Coffee,2021 / 2022,"September 30th, 2022",Caturra,Completed,Washed / Wet,7.67,7.67,7.42,7.75,7.5,7.75,10,10,10,7.58,0,83.33,13.5,0,0,greenish,0,"September 30th, 2023"
125,Costa Rica,12074,1850,Tarrazu,320,69 kg,Specialty Coffee Association of Costa Rica,2022 / 2023,"April 19th, 2023",Caturra,Completed,Washed / Wet,7.58,7.75,7.42,7.67,7.5,7.75,10,10,10,7.67,0,83.33,0,0,0,green,3,"April 18th, 2024"
126,Taiwan,"The 2022 Pacific Rim Coffee Summit,T019",750,Yunlin,1,100 kg,Taiwan Coffee Laboratory 台灣咖啡研究室,2021 / 2022,"November 15th, 2022",SL34,Completed,Washed / Wet,7.75,7.83,7.58,7.58,7.58,7.5,10,10,10,7.5,0,83.33,10.7,0,0,blue-green,1,"November 15th, 2023"
127,Thailand,TYPICA 21/22 (Coffea Arabica),1300-1500,North of Thailand,2,1 kg,FABB Academy of Coffee,2022,"July 14th, 2022",Typica,Completed,Washed / Wet,7.92,7.92,7.75,7.33,7.58,7.5,10,10,10,7.33,0,83.33,12.3,0,0,yellow-green,16,"July 14th, 2023"
128,"Tanzania, United Republic Of",CN 4127220163/4189220459,1400-1700,KILIMANJARO,320,60 kg,Kenya Coffee Traders Association,2022 / 2023,"January 3rd, 2023",Bourbon,Completed,Washed / Wet,7.92,7.67,7.42,7.5,7.67,7.58,10,10,10,7.5,0,83.25,10.4,0,0,greenish,8,"January 3rd, 2024"
129,Brazil,004/22,950,Sul de Minas,960,60 kg,Brazil Specialty Coffee Association,2022 / 2023,"February 13th, 2023",Mundo Novo,Completed,Natural / Dry,7.58,7.5,7.5,7.83,7.67,7.5,10,10,10,7.67,0,83.25,11.6,0,0,green,4,"February 13th, 2024"
130,Taiwan,A41-Northern Taiwan Specialty Coffee Evaluation,1100-1200,苗栗縣,1,320 kg,Taiwan Coffee Laboratory 台灣咖啡研究室,2021 / 2022,"January 6th, 2023",unknown,Completed,Washed / Wet,7.75,7.75,7.58,7.67,7.42,7.5,10,10,10,7.58,0,83.25,9.6,0,0,green,1,"January 6th, 2024"
131,Colombia,CQU2023003,1390,Quindio,2,12 kg,Japan Coffee Exchange,2022,"April 7th, 2023","Red Bourbon,Caturra",Completed,Anaerobico 1000h,7.67,7.67,7.58,7.67,7.58,7.58,10,10,10,7.5,0,83.25,10.9,0,0,brownish,2,"April 6th, 2024"
132,Honduras,"The 2022 Pacific Rim Coffee Summit,HN03",1600,"Marcala, La Paz",9,15 kg,Taiwan Coffee Laboratory 台灣咖啡研究室,2021,"November 15th, 2022",Lempira,Completed,Washed / Wet,7.67,7.75,7.67,7.58,7.5,7.58,10,10,10,7.5,0,83.25,10.5,0,0,bluish-green,3,"November 15th, 2023"
133,Honduras,AMNI-22-6011-2,1400,Marcala,260,69 kg,Instituto Hondureño del Café,2021 / 2022,"August 17th, 2022",Catuai,Completed,Washed / Wet,7.75,7.58,7.58,7.58,7.5,7.58,10,10,10,7.67,0,83.25,11.3,0,1,green,5,"August 17th, 2023"
134,Taiwan,A35-Northern Taiwan Specialty Coffee Evaluation,200-300,新竹縣,1,16 kg,Taiwan Coffee Laboratory 台灣咖啡研究室,2021 / 2022,"January 6th, 2023",Typica,Completed,Natural / Dry,7.75,7.75,7.5,7.75,7.5,7.42,10,10,10,7.5,0,83.17,9.7,0,0,greenish,2,"January 6th, 2024"
135,Taiwan,A20-Northern Taiwan Specialty Coffee Evaluation,340,苗栗縣,1,100 kg,Taiwan Coffee Laboratory 台灣咖啡研究室,2021 / 2022,"January 6th, 2023",unknown,Completed,Washed / Wet,7.67,7.67,7.5,7.58,7.58,7.5,10,10,10,7.67,0,83.17,11.8,0,0,blue-green,0,"January 6th, 2024"
136,Laos,DCN03.11.2022,1200 - 1300,"Nongluang Bolaven Plateau, Champasack, Lao PDR",26,60 kg,Specialty Coffee Association of Indonesia,2022,"December 30th, 2022",Catimor,Completed,Natural / Dry,7.67,7.75,7.33,7.67,7.58,7.5,10,10,10,7.58,0,83.08,11.8,0,0,brownish,7,"December 30th, 2023"
137,Honduras,187,1368,"Centro, Lagunetillas - Ajuterique, Comayagua",250,69 kg,Instituto Hondureño del Café,2021 / 2022,"May 23rd, 2022",Catuai,Completed,Washed / Wet,7.67,7.67,7.5,7.58,7.58,7.5,10,10,10,7.58,0,83.08,10.6,0,2,green,7,"May 23rd, 2023"
138,Honduras,198,1450,"Los Planes de Santa Maria, La Paz",325,69 kg,Instituto Hondureño del Café,2022 / 2023,"April 25th, 2023",Catuai,Completed,Washed / Wet,7.75,7.58,7.58,7.58,7.58,7.5,10,10,10,7.5,0,83.08,9.6,0,0,green,2,"April 24th, 2024"
139,Colombia,3-59-0654,1650,HUILA,600,30 kg,ASOCIACIÓN COLOMBIANA PARA LA EXCELENCIA DEL CAFE,2022 / 2023,"January 13th, 2023",Caturra,Completed,Washed / Wet,8,7.67,7.42,7.58,7.58,7.42,10,10,10,7.33,0,83,13.1,0,0,bluish-green,1,"January 13th, 2024"
140,Taiwan,A17-Northern Taiwan Specialty Coffee Evaluation,250-300,新竹縣,1,12 kg,Taiwan Coffee Laboratory 台灣咖啡研究室,2021 / 2022,"January 6th, 2023",Typica,Completed,Pulped natural / honey,7.5,7.67,7.58,7.58,7.5,7.5,10,10,10,7.58,0,82.92,8.9,0,0,blue-green,0,"January 6th, 2024"
141,Mexico,1,1350,"ZONGOLICA, VERACRUZ",141,69 kg,Centro Agroecológico del Café A.C.,2021 / 2022,"August 11th, 2022",Bourbon,Completed,Washed / Wet,7.75,7.5,7.42,7.67,7.58,7.5,10,10,10,7.5,0,82.92,11.9,2,0,green,1,"August 11th, 2023"
142,Colombia,CQU2022013,1350,Quindio,1,12 kg,Japan Coffee Exchange,2021 / 2022,"June 16th, 2022",Typica Gesha,Completed,Washed / Wet,7.58,7.5,7.5,7.67,7.58,7.5,10,10,10,7.58,0,82.92,11.5,0,1,greenish,3,"June 16th, 2023"
143,Taiwan,202203,1200,"Shibi, Gukeng Township, Yunlin County 郵遞區號 , Taiwan (R.O.C.)",300,1 kg,Blossom Valley International宸嶧國際,2022,"October 24th, 2022",Gesha,Completed,,7.67,7.5,7.42,7.75,7.42,7.58,10,10,10,7.58,0,82.92,10.2,0,0,yellow-green,0,"October 24th, 2023"
144,Honduras,273,1280,Marcala,275,69 kg,Instituto Hondureño del Café,2022 / 2023,"April 24th, 2023",Catuai,Completed,Washed / Wet,7.67,7.58,7.5,7.5,7.58,7.5,10,10,10,7.5,0,82.83,10,0,0,green,4,"April 23rd, 2024"
145,Thailand,GAYO 21/22 (Coffea Arabica),1300-1500,North of Thailand,2,1 kg,FABB Academy of Coffee,2022,"July 14th, 2022",Gayo,Completed,Washed / Wet,7.17,7.92,7.58,7.5,7.58,7.67,10,10,10,7.42,0,82.83,11.8,0,0,yellow-green,5,"July 14th, 2023"
146,Vietnam,VHA- S3,900,"Eatan Commune, Krong Nang District, Krong Nang Province",22,60 kg,Specialty Coffee Association,2021 / 2022,"June 3rd, 2022",Catimor,Completed,Pulped natural / honey,7.58,7.42,7.58,7.5,7.67,7.75,10,10,10,7.33,0,82.83,13.3,0,0,green,4,"June 3rd, 2023"
147,Nicaragua,017-053-0017,1200,Matagalpa,275,69 kg,Asociación de Cafés Especiales de Nicaragua,2022 / 2023,"January 30th, 2023",SHG,Completed,Natural / Dry,7.33,7.58,7.25,7.33,7.75,8.17,10,10,10,7.33,0,82.75,10.5,5,2,green,1,"January 30th, 2024"
148,Costa Rica,"The 2022 Pacific Rim Coffee Summit,CR01",1450,west Villege,10,30 kg,Taiwan Coffee Laboratory 台灣咖啡研究室,2021,"November 15th, 2022",SL28,Completed,Pulped natural / honey,7.33,7.5,7.25,7.92,7.75,7.58,10,10,10,7.42,0,82.75,11.8,0,0,pale yellow,1,"November 15th, 2023"
149,Colombia,3/01/12857,1700,Huila,250,70 kg,Japan Coffee Exchange,2022,"July 11th, 2022",Caturra,Completed,Washed / Wet,7.58,7.67,7.58,7.5,7.33,7.5,10,10,10,7.5,0,82.67,11.8,0,1,green,2,"July 11th, 2023"
150,Thailand,CATURRA 21/22 (Coffea Arabica),1200 - 1580,North of Thailand,2,1 kg,FABB Academy of Coffee,2022,"July 14th, 2022",Caturra,Completed,Washed / Wet,7.33,7.58,7.58,7.5,7.67,7.67,10,10,10,7.33,0,82.67,13,1,0,greenish,0,"July 14th, 2023"
151,Thailand,21/22,1200,Chiang Mai,6,50 kg,Specialty Coffee Institute of Thailand,2021 / 2022,"June 14th, 2022","Bourbon, Catimor, Caturra, Typica",Completed,Natural / Dry,7.5,7.58,7.5,7.42,7.5,7.58,10,10,10,7.58,0,82.67,11.2,0,0,yellow green,0,"June 14th, 2023"
152,Honduras,197,1450,los planes de santa maria la paz,325,69 kg,Instituto Hondureño del Café,2022 / 2023,"April 25th, 2023",Catuai,Completed,Washed / Wet,7.67,7.58,7.33,7.5,7.58,7.5,10,10,10,7.5,0,82.67,9.6,0,0,green,2,"April 24th, 2024"
153,Taiwan,A01-Northern Taiwan Specialty Coffee Evaluation,165,苗栗縣,1,4 kg,Taiwan Coffee Laboratory 台灣咖啡研究室,2021 / 2022,"January 6th, 2023",unknow,Completed,Natural / Dry,7.67,7.67,7.42,7.42,7.42,7.5,10,10,10,7.5,0,82.58,9.8,0,0,green,0,"January 6th, 2024"
154,Taiwan,A22-Northern Taiwan Specialty Coffee Evaluation,465,苗栗縣,1,32 kg,Taiwan Coffee Laboratory 台灣咖啡研究室,2021 / 2022,"January 6th, 2023",Caturra,Completed,Washed / Wet,7.67,7.58,7.42,7.42,7.5,7.5,10,10,10,7.5,0,82.58,8.4,0,0,blue-green,2,"January 6th, 2024"
155,Nicaragua,4 -3.1,1350,ESTELI,120,45 kg,Specialty Coffee Association,2021 / 2022,"June 20th, 2022",Parainema,Completed,Washed / Wet,7.5,7.58,7.42,7.58,7.5,7.58,10,10,10,7.42,0,82.58,10.1,0,0,green,0,"June 20th, 2023"
156,El Salvador,Jan-26,1200,Apaneca - Ilamatepec,600,30 kg,Salvadoran Coffee Council,2022 / 2023,"March 3rd, 2023",Bourbon,Completed,Washed / Wet,7.67,7.33,7.17,7.67,7.83,7.5,10,10,10,7.33,0,82.5,11.3,0,0,green,2,"March 2nd, 2024"
157,Panama,P03769,1200,Boquete,200,30 kg,Specialty Coffee Association of Costa Rica,2021 / 2022,"May 25th, 2022",Caturra,Completed,Washed / Wet,7.75,7.67,7.17,7.67,7.42,7.42,10,10,10,7.42,0,82.5,10,0,0,green,0,"May 25th, 2023"
158,Brazil,MVB-QCert-001/2022,1100,MANTIQUEIRA / SUL DE MINAS,620,30 kg,Brazil Specialty Coffee Association,2022 / 2023,"November 3rd, 2022",Mundo Novo,Completed,Natural / Dry,7.5,7.58,7.5,7.5,7.67,7.42,10,10,10,7.33,0,82.5,11.8,0,1,bluish-green,1,"November 3rd, 2023"
159,United States (Hawaii),"The 2022 Pacific Rim Coffee Summit,US03",640,Kona,4,15 kg,Taiwan Coffee Laboratory 台灣咖啡研究室,2022,"November 15th, 2022",Maragogype,Completed,Washed / Wet,7.33,7.58,7.5,7.5,7.5,7.58,10,10,10,7.5,0,82.5,11.7,0,0,blue-green,1,"November 15th, 2023"
160,Mexico,"The 2022 Pacific Rim Coffee Summit,MX01",1340,Veracruz,10,15 kg,Taiwan Coffee Laboratory 台灣咖啡研究室,2021,"November 15th, 2022",Pacamara,Completed,Washed / Wet,7.67,7.42,7.5,7.5,7.67,7.42,10,10,10,7.33,0,82.5,10.7,0,0,pale yellow,0,"November 15th, 2023"
161,Honduras,185,1368,"Centro, Lagunetillas - Ajuterique, Comayagua",345,30 kg,Instituto Hondureño del Café,2021 / 2022,"May 23rd, 2022",Catuai,Completed,Washed / Wet,7.58,7.58,7.33,7.5,7.58,7.42,10,10,10,7.5,0,82.5,10.6,0,0,green,8,"May 23rd, 2023"
162,Taiwan,A02-Northern Taiwan Specialty Coffee Evaluation,139,新竹縣,1,200 kg,Taiwan Coffee Laboratory 台灣咖啡研究室,2021 / 2022,"January 6th, 2023",unknown,Completed,Washed / Wet,7.42,7.42,7.58,7.42,7.58,7.5,10,10,10,7.58,0,82.5,8.4,0,0,green,2,"January 6th, 2024"
163,Nicaragua,1,1200-1350,"Matagalpa, Nicaragua",275,69 kg,Taiwan Coffee Laboratory 台灣咖啡研究室,2021 / 2022,"December 30th, 2022",Caturra-Catuai,Completed,Washed / Wet,7.58,7.58,7.42,7.42,7.5,7.5,10,10,10,7.42,0,82.42,11.4,0,0,bluish-green,0,"December 30th, 2023"
164,Vietnam,Apollo Washed 2021,1040,Dalat,77,15 kg,Specialty Coffee Association,2021,"June 1st, 2022",Catimor,Completed,Washed / Wet,7.5,7.5,7.33,7.5,7.5,7.42,10,10,10,7.58,0,82.33,10.5,0,0,bluish-green,0,"June 1st, 2023"
165,El Salvador,Jan-26,1200,Apaneca - Ilamatepec,600,30 kg,Salvadoran Coffee Council,2022 / 2023,"February 21st, 2023",Bourbon,Completed,Washed / Wet,7.5,7.5,7.42,7.42,7.42,7.67,10,10,10,7.42,0,82.33,12,0,7,green,10,"February 21st, 2024"
166,El Salvador,Jan-74,1200,Apaneca - Ilamatepec,275,69 kg,Salvadoran Coffee Council,2021 / 2022,"July 7th, 2022",Bourbon,Completed,Washed / Wet,7.33,7.67,7.25,7.67,7.83,7.42,10,10,10,7.17,0,82.33,11.8,0,0,bluish-green,0,"July 7th, 2023"
167,Taiwan,A48-Northern Taiwan Specialty Coffee Evaluation,140,新竹縣,1,5 kg,Taiwan Coffee Laboratory 台灣咖啡研究室,2021 / 2022,"January 6th, 2023",unknown,Completed,Natural / Dry,7.67,7.58,7.42,7.5,7.33,7.42,10,10,10,7.42,0,82.33,10.8,0,0,green,1,"January 6th, 2024"
168,Peru,PR138,1600,"Chanchamayo, La Merced",275,69 kg,Japan Coffee Exchange,2022 / 2023,"July 11th, 2022",Caturra,Completed,Washed / Wet,7.67,7.5,7.33,7.58,7.33,7.42,10,10,10,7.42,0,82.25,11.7,0,1,greenish,3,"July 11th, 2023"
169,United States (Hawaii),Islander’s Coffee for Pacific Rim Summit,1200,Kona district of Big Island,3,30 kg,Taiwan Coffee Laboratory 台灣咖啡研究室,2022,"November 9th, 2022",Typica,Completed,Washed / Wet,7.75,7.42,7.33,7.5,7.33,7.5,10,10,10,7.33,0,82.17,10.6,1,0,green,5,"November 9th, 2023"
170,Kenya,CQU2023004,1500-1950,Kericho,13,5 kg,Japan Coffee Exchange,2022,"April 7th, 2023","SL28,SL34,Ruiru11",Completed,Washed / Wet,7.5,7.5,7.42,7.5,7.25,7.5,10,10,10,7.5,0,82.17,11.2,0,0,green,2,"April 6th, 2024"
171,Honduras,184,1368,"Centro, Lagunetillas - Ajuterique, Comayagua",125,69 kg,Instituto Hondureño del Café,2021 / 2022,"May 23rd, 2022",Catuai,Completed,Washed / Wet,7.67,7.5,7.25,7.5,7.5,7.33,10,10,10,7.42,0,82.17,10.6,0,0,green,8,"May 23rd, 2023"
172,Taiwan,A43-Northern Taiwan Specialty Coffee Evaluation,600,桃園市,1,3 kg,Taiwan Coffee Laboratory 台灣咖啡研究室,2021 / 2022,"January 6th, 2023",unknown,Completed,Washed / Wet,7.5,7.67,7.33,7.5,7.25,7.33,10,10,10,7.5,0,82.08,9.7,0,0,bluish-green,0,"January 6th, 2024"
173,Taiwan,A34-Northern Taiwan Specialty Coffee Evaluation,460,苗栗縣,1,60 kg,Taiwan Coffee Laboratory 台灣咖啡研究室,2021 / 2022,"January 6th, 2023",unknown,Completed,Pulped natural / honey,7.33,7.42,7.42,7.5,7.42,7.5,10,10,10,7.5,0,82.08,8.1,0,0,greenish,3,"January 6th, 2024"
174,Taiwan,A50-Northern Taiwan Specialty Coffee Evaluation,500,桃園市,1,20 kg,Taiwan Coffee Laboratory 台灣咖啡研究室,2021 / 2022,"January 6th, 2023",unknown,Completed,Washed / Wet,7.5,7.58,7.42,7.42,7.25,7.42,10,10,10,7.42,0,82,8.2,0,0,green,1,"January 6th, 2024"
175,Thailand,MIXED DT 21/22 (Coffea Arabica),800-1200,North of Thailand,2,1 kg,FABB Academy of Coffee,2022,"July 14th, 2022",Catimor,Completed,Washed / Wet,7.17,7.5,7.42,7.42,7.58,7.5,10,10,10,7.42,0,82,9.8,0,0,green,0,"July 14th, 2023"
176,Costa Rica,S019194 - P04178,1500,Corralillo Tarrazu,500,30 kg,Specialty Coffee Association of Costa Rica,2018 / 2019,"March 29th, 2023",Caturra,Completed,Washed / Wet,7.42,7.42,7.42,7.33,7.58,7.33,10,10,10,7.5,0,82,10.5,1,2,green,8,"March 28th, 2024"
177,Guatemala,SA4238,1350-1550,Oriente,275,69 kg,Japan Coffee Exchange,2021 / 2022,"November 28th, 2022",,Completed,Washed / Wet,7.42,7.42,7.42,7.33,7.5,7.42,10,10,10,7.5,0,82,11.5,0,1,blue-green,2,"November 28th, 2023"
178,Indonesia,015/1686/057,1350,Sumatra,320,60 kg,NKG Quality Service (a division of Bernhard Rothfos Intercafé AG),2022,"August 22nd, 2022",,Completed,Pulped natural / honey,7.67,7.33,7.25,7.67,7.42,7.25,10,10,10,7.42,0,82,12.5,0,0,bluish-green,0,"August 22nd, 2023"
179,Peru,301R,1600,"Chanchamayo, La Merced",275,69 kg,Japan Coffee Exchange,2022 / 2023,"July 11th, 2022",Caturra,Completed,Washed / Wet,7.5,7.5,7.33,7.5,7.33,7.33,10,10,10,7.42,0,81.92,11.6,0,2,greenish,2,"July 11th, 2023"
180,Guatemala,GF-23392,1200~1600,Antigua,540,30 kg,Taiwan Coffee Laboratory 台灣咖啡研究室,2022,"November 3rd, 2022",Caturra,Completed,Washed / Wet,7.33,7.42,7.33,7.42,7.58,7.42,10,10,10,7.42,0,81.92,10.3,0,0,greenish,1,"November 3rd, 2023"
181,Taiwan,A10-Northern Taiwan Specialty Coffee Evaluation,300,桃園市,1,6 kg,Taiwan Coffee Laboratory 台灣咖啡研究室,2021 / 2022,"January 6th, 2023",Typica,Completed,Pulped natural / honey,7.25,7.42,7.42,7.5,7.42,7.42,10,10,10,7.42,0,81.83,11.3,0,0,green,0,"January 6th, 2024"
182,Vietnam,221221,5400,Lam Dong Province,1,1 kg,Firedancer Coffee Consultants,2022 / 2023,"April 10th, 2023",Catimor,Completed,Pulped natural / honey,7.5,7.5,7.25,7.42,7.42,7.42,10,10,10,7.33,0,81.83,11.2,0,0,green,4,"April 9th, 2024"
183,Brazil,CQU2023007,1000,Mantiquira de minas,14,5 kg,Japan Coffee Exchange,2022,"April 7th, 2023",Yellow Catuai,Completed,Pulped natural / honey,7.5,7.5,7.42,7.33,7.33,7.33,10,10,10,7.42,0,81.83,11.3,0,0,pale yellow,2,"April 6th, 2024"
184,Brazil,1,900-1000,Sul de Minas,325,59 kg,Taiwan Coffee Laboratory 台灣咖啡研究室,2021,"December 30th, 2022",Catucai,Completed,Natural / Dry,7.42,7.5,7.58,7.33,7.33,7.25,10,10,10,7.33,0,81.75,11.1,0,0,yellow-green,0,"December 30th, 2023"
185,Colombia,1,1574,Santander,275,70 kg,Taiwan Coffee Laboratory 台灣咖啡研究室,2021,"December 30th, 2022",Santander,Completed,Washed / Wet,7.33,7.5,7.33,7.42,7.42,7.42,10,10,10,7.33,0,81.75,11.2,0,0,yellow-green,0,"December 30th, 2023"
186,Mexico,2,1200,"Coatepec, Veracruz",32,69 kg,Centro Agroecológico del Café A.C.,2021 / 2022,"August 11th, 2022",Typica,Completed,Washed / Wet,7.58,7.42,7.25,7.25,7.5,7.33,10,10,10,7.33,0,81.67,11.8,2,0,green,2,"August 11th, 2023"
187,Costa Rica,OIC 5-019-0037/ Contenedor: DRYU3106597 / Cliente: O COFFEE,1200,occidente,100,69 kg,Specialty Coffee Association of Costa Rica,2022 / 2023,"March 29th, 2023",Caturra,Completed,Washed / Wet,7.33,7.42,7.25,7.42,7.42,7.33,10,10,10,7.42,0,81.58,9.7,0,2,green,4,"March 28th, 2024"
188,Taiwan,A46-Northern Taiwan Specialty Coffee Evaluation,300,新北市,1,100 kg,Taiwan Coffee Laboratory 台灣咖啡研究室,2021 / 2022,"January 6th, 2023",Typica,Completed,Pulped natural / honey,7.42,7.5,7.33,7.33,7.33,7.33,10,10,10,7.33,0,81.58,9,0,0,yellow-green,0,"January 6th, 2024"
189,Taiwan,A38-Northern Taiwan Specialty Coffee Evaluation,435,臺北市,1,8 kg,Taiwan Coffee Laboratory 台灣咖啡研究室,2021 / 2022,"January 6th, 2023",unknown,Completed,Pulped natural / honey,7.33,7.5,7.42,7.33,7.33,7.25,10,10,10,7.33,0,81.5,8.5,0,0,green,0,"January 6th, 2024"
190,Thailand,JAVA 21/22 (Coffea Arabica),1300-1500,North of Thailand,2,1 kg,FABB Academy of Coffee,2022,"July 14th, 2022",Java,Completed,Washed / Wet,7.33,7.42,7.25,7.33,7.5,7.42,10,10,10,7.17,0,81.42,11.6,2,0,green,1,"July 14th, 2023"
191,Thailand,"The 2022 Pacific Rim Coffee Summit,TH07",1400,Chiang Rai,5,15 kg,Taiwan Coffee Laboratory 台灣咖啡研究室,2021,"November 15th, 2022",Typica Bourbon Caturra Catimor,Completed,Natural / Dry,7.42,7.25,7.33,7.42,7.33,7.33,10,10,10,7.25,0,81.33,10.5,0,0,yellowish,5,"November 15th, 2023"
192,Thailand,MIXED 21/22 (Coffea Arabica),600-800,North of Thailand,2,1 kg,FABB Academy of Coffee,2022,"July 14th, 2022",Catimor,Completed,Washed / Wet,7.25,7.25,7.42,7.25,7.42,7.42,10,10,10,7.17,0,81.17,10.4,0,0,green,0,"July 14th, 2023"
193,Colombia,CQU2022019,1300-1800,Cauca,1,30 kg,Japan Coffee Exchange,2021 / 2022,"December 22nd, 2022","Caturra,Colombia,Castillo",Completed,Washed / Wet,7.42,7.25,7.25,7.42,7.17,7.33,10,10,10,7.33,0,81.17,11.4,0,2,greenish,2,"December 22nd, 2023"
194,Brazil,38,1200,Alta Mogiana-Ibiraci,440,60 kg,Japan Coffee Exchange,2022 / 2023,"April 17th, 2023",,Completed,Natural / Dry,7.42,7.42,7.25,7.25,7.17,7.25,10,10,10,7.25,0,81,10.6,0,2,greenish,1,"April 16th, 2024"
195,El Salvador,0623C01,1400,"Volcan Chinchontepek, San Vicente, El Salvador",1,2 kg,Salvadoran Coffee Council,2023,"March 8th, 2023",Bourbon,Completed,Natural / Dry,7.42,7.33,7.33,7.5,7.08,7,10,10,10,7.17,0,80.83,10.5,0,8,bluish-green,7,"March 7th, 2024"
196,Nicaragua,017/053/0603,1100,,275,69 kg,Japan Coffee Exchange,2021,"July 11th, 2022",Caturra,Completed,Washed / Wet,7.25,7.25,7.17,7.33,7.08,7.25,10,10,10,7.17,0,80.5,11.5,0,1,greenish,3,"July 11th, 2023"
197,Nicaragua,1,1000,Jinotega,275,69 kg,Asociación de Cafés Especiales de Nicaragua,2022 / 2023,"April 20th, 2023",Sarchimor,Completed,Washed / Wet,7.42,7.17,7,7.08,7.42,7.17,10,10,10,7.17,0,80.42,11.2,0,0,green,5,"April 19th, 2024"
198,Colombia,CQU2023001,1600,"Caicedonia,Valle del Cauca",3,10 kg,Japan Coffee Exchange,2022,"March 6th, 2023","Castillo,Caturra,Bourbon",Completed,Washed / Wet,7.25,7.25,7.17,7.33,7,7.17,10,10,10,7.25,0,80.42,11,0,3,greenish,3,"March 5th, 2024"
199,Peru,PR137,1600,"Chanchamayo, Lamerced",275,69 kg,Japan Coffee Exchange,2022 / 2023,"June 10th, 2022",Caturra,Completed,Washed / Wet,7.5,7.25,7.17,7.17,7.17,7.08,10,10,10,7,0,80.33,11.8,0,6,greenish,11,"June 10th, 2023"
200,El Salvador,0523B01,1300,"Volcan Chinchontepek, San Vicente, El Salvador",1,2 kg,Salvadoran Coffee Council,2023,"March 8th, 2023",Pacas,Completed,Natural / Dry,7.08,7.25,7.08,7.42,7.42,7.08,10,10,10,7,0,80.33,11.5,0,10,bluish-green,7,"March 7th, 2024"
201,Brazil,002/1738/0029,1200,Alta Mogiana-Ibiraci,440,60 kg,Japan Coffee Exchange,2021 / 2022,"July 20th, 2022",Catuai and Mundo Novo,Completed,Natural / Dry,7.25,7.17,7.17,7.08,7.17,7.17,10,10,10,7.17,0,80.17,11.6,0,1,greenish,2,"July 20th, 2023"
202,Brazil,019/22,950,Sul de Minas,2240,60 kg,Brazil Specialty Coffee Association,2022 / 2023,"February 2nd, 2023",Mundo Novo,Completed,Natural / Dry,7.17,7.17,6.92,7.17,7.42,7.17,10,10,10,7.08,0,80.08,11.4,0,0,green,4,"February 2nd, 2024"
203,Nicaragua,017-053-0155,1200,Matagalpa,300,30 kg,Asociación de Cafés Especiales de Nicaragua,2022 / 2023,"March 3rd, 2023",SHG,Completed,Natural / Dry,7.33,7.08,6.75,7.17,7.42,7.17,10,10,10,7.08,0,80,10.4,0,2,green,12,"March 2nd, 2024"
204,Laos,105/3/VL7285-005,1300,Bolaven Plateau,343,60 kg,Japan Coffee Exchange,2021 / 2022,"November 11th, 2022",Catimor,Completed,Washed / Wet,7.25,7.17,7.08,7,7.08,7.08,10,10,10,7,0,79.67,11.6,0,9,green,11,"November 11th, 2023"
205,El Salvador,0423A01,1200,"Volcan de San Vicente, La Paz, El Salvador",1,2 kg,Salvadoran Coffee Council,2023,"March 8th, 2023",Maragogype,Completed,Natural / Dry,6.5,6.75,6.75,7.17,7.08,7,10,10,10,6.83,0,78.08,11,0,12,bluish-green,13,"March 7th, 2024"
206,Brazil,1058 y 1059,850-1100,Minas Gerais,600,60 kg,Centro Agroecológico del Café A.C.,2021 / 2022,"November 18th, 2022",Mundo Novo,Completed,SEMI-LAVADO,7.25,7.08,6.67,6.83,6.83,6.67,10,10,10,6.67,0,78,11.3,0,0,green,1,"November 18th, 2023"
